city_code,city,name,reduction,prot_interval_50,prot_interval_100,reduction_interval
421100,黄冈市,Huanggang,534,"0.95(0.93, 0.96)","0.95(0.93, 0.96)","534(523, 538)"
420900,孝感市,Xiaogan,490,"0.94(0.92, 0.95)","0.94(0.92, 0.95)","490(478, 495)"
420600,襄阳市,Xiangyang,275,"0.96(0.95, 0.97)","0.96(0.95, 0.97)","275(272, 277)"
421300,随州市,Suizhou,219,"0.96(0.95, 0.97)","0.96(0.96, 0.97)","219(218, 220)"
330300,温州市,Wenzhou,217,"0.98(0.98, 0.99)","0.98(0.98, 0.99)","217(216, 219)"
420800,荆门市,Jingmen,210,"0.96(0.95, 0.96)","0.96(0.95, 0.96)","210(208, 211)"
421000,荆州市,Jingzhou,198,"0.93(0.91, 0.94)","0.93(0.91, 0.94)","198(193, 200)"
420700,鄂州市,Ezhou,177,"0.94(0.92, 0.94)","0.94(0.92, 0.94)","177(173, 178)"
500000,重庆市,Chongqing,173,"0.97(0.96, 0.97)","0.97(0.96, 0.97)","173(172, 174)"
420200,黄石市,Huangshi,157,"0.94(0.92, 0.94)","0.94(0.92, 0.94)","157(155, 159)"
420500,宜昌市,Yichang,157,"0.95(0.94, 0.95)","0.95(0.94, 0.95)","157(155, 158)"
421200,咸宁市,Xianning,152,"0.92(0.89, 0.93)","0.92(0.89, 0.93)","152(148, 154)"
420300,十堰市,Shiyan,142,"0.95(0.95, 0.96)","0.95(0.95, 0.96)","142(141, 143)"
310000,上海市,Shanghai,103,"0.95(0.94, 0.96)","0.95(0.94, 0.96)","103(102, 104)"
110000,北京市,Beijing,100,"0.94(0.94, 0.95)","0.94(0.94, 0.95)","100(99, 101)"
440100,广州市,Guangzhou,95,"0.96(0.95, 0.96)","0.96(0.95, 0.96)","95(94, 95)"
440300,深圳市,Shenzhen,91,"0.95(0.94, 0.96)","0.95(0.94, 0.96)","91(90, 92)"
429004,仙桃市,Xiantao,79,"0.9(0.88, 0.91)","0.9(0.88, 0.91)","79(78, 80)"
330100,杭州市,Hangzhou,75,"0.95(0.94, 0.96)","0.95(0.94, 0.96)","75(74, 76)"
422800,恩施土家族苗族自治州,Enshi,68,"0.91(0.89, 0.92)","0.91(0.89, 0.92)","68(67, 69)"
360100,南昌市,Nanchang,61,"0.94(0.92, 0.95)","0.94(0.92, 0.95)","61(60, 62)"
429006,天门市,Tianmen,60,"0.9(0.88, 0.91)","0.9(0.88, 0.91)","60(59, 61)"
331000,台州市,Taizhou,60,"0.95(0.93, 0.97)","0.95(0.93, 0.97)","60(59, 61)"
510100,成都市,Chengdu,58,"0.93(0.91, 0.94)","0.93(0.91, 0.94)","58(57, 58)"
411300,南阳市,Nanyang,57,"0.93(0.92, 0.94)","0.93(0.91, 0.95)","57(56, 58)"
430100,长沙市,Changsha,54,"0.9(0.88, 0.91)","0.9(0.88, 0.91)","54(53, 55)"
411500,信阳市,Xinyang,42,"0.88(0.86, 0.9)","0.88(0.86, 0.9)","42(41, 43)"
340100,合肥市,Hefei,40,"0.9(0.88, 0.92)","0.9(0.88, 0.93)","40(39, 41)"
410100,郑州市,Zhengzhou,40,"0.89(0.88, 0.91)","0.89(0.87, 0.91)","40(39, 41)"
330200,宁波市,Ningbo,38,"0.92(0.89, 0.95)","0.92(0.89, 0.95)","38(36, 39)"
360400,九江市,Jiujiang,37,"0.9(0.87, 0.92)","0.9(0.87, 0.92)","37(36, 38)"
430500,邵阳市,Shaoyang,33,"0.91(0.88, 0.94)","0.91(0.88, 0.94)","33(32, 34)"
430700,常德市,Changde,33,"0.9(0.88, 0.93)","0.9(0.87, 0.93)","33(32, 35)"
341200,阜阳市,Fuyang,32,"0.9(0.87, 0.93)","0.9(0.87, 0.93)","32(31, 33)"
411600,周口市,Zhoukou,31,"0.89(0.86, 0.92)","0.89(0.86, 0.92)","31(30, 32)"
430600,岳阳市,Yueyang,30,"0.88(0.85, 0.91)","0.88(0.85, 0.91)","30(29, 31)"
411700,驻马店市,Zhumadian,26,"0.86(0.83, 0.88)","0.86(0.82, 0.89)","26(25, 27)"
320500,苏州市,Suzhou,26,"0.88(0.85, 0.91)","0.88(0.84, 0.92)","26(25, 28)"
360500,新余市,Xinyu,24,"0.88(0.85, 0.93)","0.88(0.84, 0.93)","24(23, 25)"
360700,赣州市,Ganzhou,24,"0.87(0.84, 0.92)","0.87(0.83, 0.92)","24(22, 25)"
350100,福州市,Fuzhou,24,"0.87(0.84, 0.92)","0.87(0.84, 0.92)","24(23, 26)"
411400,商丘市,Shangqiu,23,"0.87(0.83, 0.91)","0.87(0.83, 0.91)","23(22, 25)"
440600,佛山市,Foshan,23,"0.87(0.83, 0.92)","0.87(0.83, 0.92)","23(22, 24)"
330700,金华市,Jinhua,23,"0.87(0.83, 0.92)","0.87(0.83, 0.92)","23(22, 24)"
360900,宜春市,Yichun,22,"0.86(0.83, 0.91)","0.86(0.82, 0.91)","22(21, 24)"
120000,天津市,Tianjin,21,"0.86(0.82, 0.9)","0.86(0.82, 0.91)","21(20, 23)"
430400,衡阳市,Hengyang,21,"0.86(0.82, 0.9)","0.86(0.81, 0.91)","21(20, 23)"
431200,怀化市,Huaihua,20,"0.86(0.81, 0.91)","0.86(0.81, 0.91)","20(19, 21)"
340800,安庆市,Anqing,19,"0.83(0.79, 0.87)","0.83(0.78, 0.88)","19(18, 20)"
350300,莆田市,Putian,19,"0.85(0.81, 0.91)","0.85(0.8, 0.91)","19(18, 20)"
330600,绍兴市,Shaoxing,19,"0.85(0.81, 0.91)","0.85(0.8, 0.91)","19(18, 20)"
320100,南京市,Nanjing,18,"0.82(0.77, 0.86)","0.82(0.77, 0.86)","18(17, 19)"
370200,青岛市,Qingdao,18,"0.84(0.79, 0.89)","0.84(0.79, 0.9)","18(16, 19)"
530100,昆明市,Kunming,18,"0.83(0.79, 0.88)","0.83(0.78, 0.88)","18(17, 19)"
350500,泉州市,Quanzhou,18,"0.83(0.79, 0.89)","0.83(0.78, 0.89)","18(16, 19)"
320300,徐州市,Xuzhou,17,"0.83(0.78, 0.89)","0.83(0.78, 0.89)","17(16, 18)"
430900,益阳市,Yiyang,17,"0.83(0.78, 0.9)","0.83(0.78, 0.9)","17(16, 18)"
410500,安阳市,Anyang,17,"0.83(0.78, 0.89)","0.83(0.78, 0.89)","17(16, 18)"
371300,临沂市,Linyi,17,"0.83(0.78, 0.9)","0.83(0.78, 0.9)","17(16, 18)"
610100,西安市,Xi’an,16,"0.8(0.75, 0.85)","0.8(0.75, 0.85)","16(15, 17)"
341600,亳州市,Bozhou,16,"0.83(0.77, 0.89)","0.83(0.77, 0.89)","16(15, 17)"
371000,威海市,Weihai,16,"0.83(0.78, 0.9)","0.83(0.77, 0.9)","16(15, 17)"
440400,珠海市,Zhuhai,15,"0.81(0.76, 0.88)","0.81(0.75, 0.89)","15(14, 16)"
430200,株洲市,Zhuzhou,15,"0.81(0.75, 0.87)","0.81(0.75, 0.87)","15(13, 16)"
370600,烟台市,Yantai,15,"0.82(0.76, 0.89)","0.82(0.76, 0.89)","15(14, 16)"
230100,哈尔滨市,Harbin,14,"0.8(0.74, 0.87)","0.8(0.73, 0.87)","14(12, 15)"
431300,娄底市,Loudi,14,"0.8(0.74, 0.87)","0.8(0.74, 0.88)","14(13, 15)"
130900,沧州市,Cangzhou,14,"0.81(0.75, 0.88)","0.81(0.74, 0.88)","14(13, 15)"
441900,东莞市,Dongguan,13,"0.78(0.72, 0.86)","0.78(0.72, 0.86)","13(11, 14)"
442000,中山市,Zhongshan,13,"0.8(0.74, 0.88)","0.8(0.73, 0.88)","13(12, 14)"
370100,济南市,Jinan,13,"0.79(0.73, 0.86)","0.79(0.72, 0.87)","13(12, 14)"
371400,德州市,Dezhou,13,"0.8(0.74, 0.88)","0.8(0.73, 0.88)","13(12, 14)"
450300,桂林市,Guilin,13,"0.79(0.73, 0.86)","0.79(0.72, 0.86)","13(11, 14)"
410700,新乡市,Xinxiang,12,"0.77(0.71, 0.85)","0.77(0.7, 0.85)","12(10, 13)"
450100,南宁市,Nanning,12,"0.77(0.71, 0.84)","0.77(0.7, 0.84)","12(11, 13)"
340300,蚌埠市,Bengbu,11,"0.77(0.7, 0.86)","0.77(0.69, 0.86)","11(10, 12)"
361000,抚州市,Fuzhou,11,"0.75(0.69, 0.84)","0.75(0.68, 0.84)","11(9, 12)"
620100,兰州市,Lanzhou,11,"0.76(0.69, 0.85)","0.76(0.68, 0.85)","11(10, 12)"
340500,马鞍山市,MaAnshan,11,"0.77(0.7, 0.86)","0.77(0.69, 0.86)","11(10, 12)"
340200,芜湖市,Wuhu,11,"0.76(0.69, 0.85)","0.76(0.69, 0.86)","11(10, 12)"
340700,铜陵市,Tongling,11,"0.77(0.7, 0.86)","0.77(0.69, 0.86)","11(10, 12)"
330400,嘉兴市,Jiaxing,10,"0.75(0.67, 0.85)","0.75(0.66, 0.85)","10(9, 11)"
320400,常州市,Changzhou,10,"0.74(0.67, 0.84)","0.74(0.66, 0.84)","10(9, 11)"
411100,漯河市,Luohe,10,"0.74(0.66, 0.83)","0.74(0.65, 0.83)","10(8, 11)"
361100,上饶市,Shangrao,9,"0.71(0.63, 0.81)","0.71(0.62, 0.82)","9(7, 10)"
441300,惠州市,Huizhou,9,"0.72(0.64, 0.83)","0.72(0.63, 0.83)","9(8, 10)"
460200,三亚市,Sanya,9,"0.72(0.64, 0.83)","0.72(0.63, 0.83)","9(8, 10)"
431100,永州市,Yongzhou,9,"0.72(0.64, 0.83)","0.72(0.63, 0.83)","9(8, 10)"
321200,泰州市,Taizhou,9,"0.73(0.65, 0.84)","0.73(0.64, 0.84)","9(8, 10)"
440500,汕头市,Shantou,9,"0.74(0.65, 0.85)","0.74(0.64, 0.85)","9(8, 10)"
320200,无锡市,Wuxi,8,"0.69(0.6, 0.8)","0.69(0.59, 0.8)","8(6, 9)"
231200,绥化市,Suihua,8,"0.71(0.62, 0.84)","0.71(0.61, 0.84)","8(7, 9)"
450500,北海市,Beihai,8,"0.7(0.61, 0.82)","0.7(0.6, 0.82)","8(7, 9)"
431000,郴州市,Chenzhou,8,"0.7(0.61, 0.82)","0.7(0.6, 0.82)","8(7, 9)"
511300,南充市,Nanchong,8,"0.71(0.62, 0.83)","0.71(0.61, 0.83)","8(7, 9)"
130600,保定市,Baoding,8,"0.69(0.61, 0.81)","0.69(0.6, 0.81)","8(7, 9)"
511600,广安市,Guangan,8,"0.71(0.62, 0.83)","0.71(0.61, 0.83)","8(7, 9)"
532800,西双版纳傣族自治州,Xishuangbanna,8,"0.72(0.63, 0.84)","0.72(0.61, 0.84)","8(7, 9)"
429005,潜江市,Qianjiang,7,"0.55(0.48, 0.61)","0.55(0.47, 0.61)","7(6, 7)"
320800,淮安市,Huaian,7,"0.68(0.58, 0.81)","0.68(0.57, 0.81)","7(6, 8)"
410400,平顶山市,Pingdingshan,7,"0.66(0.56, 0.78)","0.66(0.55, 0.79)","7(6, 8)"
810000,香港,Xianggang,7,"0.68(0.58, 0.82)","0.68(0.57, 0.82)","7(6, 8)"
341300,宿州市,Suzhou,7,"0.67(0.57, 0.8)","0.67(0.56, 0.81)","7(6, 8)"
640100,银川市,Yinchuan,7,"0.68(0.58, 0.81)","0.68(0.57, 0.81)","7(6, 8)"
610900,安康市,Ankang,7,"0.67(0.57, 0.8)","0.67(0.56, 0.8)","7(6, 8)"
330800,衢州市,Quzhou,7,"0.68(0.58, 0.81)","0.68(0.57, 0.81)","7(6, 8)"
350400,三明市,Sanming,7,"0.68(0.58, 0.81)","0.68(0.57, 0.81)","7(6, 8)"
320600,南通市,Nantong,6,"0.62(0.52, 0.76)","0.62(0.5, 0.77)","6(5, 7)"
430300,湘潭市,Xiangtan,6,"0.63(0.52, 0.77)","0.63(0.51, 0.77)","6(5, 7)"
140700,晋中市,Jinzhong,6,"0.64(0.53, 0.79)","0.64(0.52, 0.79)","6(5, 7)"
350200,厦门市,Xiamen,6,"0.65(0.55, 0.77)","0.65(0.54, 0.77)","6(5, 8)"
131000,廊坊市,Langfang,6,"0.64(0.53, 0.79)","0.64(0.52, 0.79)","6(5, 7)"
130100,石家庄市,Shijiazhuang,6,"0.64(0.55, 0.76)","0.64(0.54, 0.76)","6(5, 8)"
370400,枣庄市,Zaozhuang,6,"0.65(0.54, 0.8)","0.65(0.52, 0.8)","6(5, 7)"
450200,柳州市,Liuzhou,6,"0.63(0.52, 0.77)","0.63(0.51, 0.77)","6(5, 7)"
510700,绵阳市,Mianyang,6,"0.64(0.53, 0.78)","0.64(0.52, 0.79)","6(5, 7)"
440800,湛江市,Zhanjiang,6,"0.64(0.53, 0.79)","0.64(0.52, 0.79)","6(5, 7)"
371100,日照市,Rizhao,6,"0.65(0.54, 0.8)","0.65(0.52, 0.8)","6(5, 7)"
371600,滨州市,Binzhou,6,"0.65(0.54, 0.8)","0.65(0.52, 0.8)","6(5, 7)"
341000,黄山市,Huangshan,6,"0.65(0.54, 0.8)","0.65(0.52, 0.8)","6(5, 7)"
510300,自贡市,Zigong,6,"0.65(0.54, 0.8)","0.65(0.53, 0.81)","6(5, 7)"
370800,济宁市,Jining,5,"0.59(0.47, 0.76)","0.59(0.46, 0.76)","5(4, 6)"
320700,连云港市,Lianyungang,5,"0.59(0.47, 0.76)","0.59(0.46, 0.76)","5(4, 6)"
370700,潍坊市,Weifang,5,"0.59(0.47, 0.75)","0.59(0.45, 0.76)","5(4, 6)"
411000,许昌市,Xuchang,5,"0.57(0.45, 0.73)","0.57(0.44, 0.73)","5(4, 6)"
370300,淄博市,Zibo,5,"0.6(0.48, 0.76)","0.6(0.46, 0.77)","5(4, 6)"
210100,沈阳市,Shenyang,5,"0.58(0.46, 0.74)","0.58(0.45, 0.74)","5(4, 6)"
320900,盐城市,Yancheng,5,"0.59(0.47, 0.76)","0.59(0.46, 0.76)","5(4, 6)"
350900,宁德市,Ningde,5,"0.6(0.48, 0.77)","0.6(0.46, 0.77)","5(4, 6)"
350600,漳州市,Zhangzhou,5,"0.6(0.48, 0.77)","0.6(0.46, 0.77)","5(4, 6)"
140800,运城市,Yuncheng,5,"0.59(0.47, 0.75)","0.59(0.45, 0.75)","5(4, 6)"
710000,花莲县,Hualianxian,5,"0.61(0.48, 0.78)","0.61(0.47, 0.78)","5(4, 6)"
230800,佳木斯市,Jiamusi,5,"0.61(0.48, 0.78)","0.61(0.47, 0.78)","5(4, 6)"
630100,西宁市,Xining,5,"0.6(0.47, 0.76)","0.6(0.46, 0.76)","5(4, 6)"
130200,唐山市,Tangshan,4,"0.54(0.4, 0.73)","0.54(0.38, 0.73)","4(3, 5)"
371500,聊城市,Liaocheng,4,"0.54(0.4, 0.72)","0.54(0.38, 0.73)","4(3, 5)"
511700,达州市,Dazhou,4,"0.53(0.38, 0.71)","0.53(0.37, 0.71)","4(3, 5)"
360300,萍乡市,Pingxiang,4,"0.54(0.4, 0.73)","0.54(0.38, 0.73)","4(3, 5)"
130400,邯郸市,Handan,4,"0.5(0.36, 0.67)","0.5(0.35, 0.68)","4(2, 5)"
130500,邢台市,Xingtai,4,"0.52(0.38, 0.69)","0.52(0.36, 0.7)","4(3, 5)"
321000,扬州市,Yangzhou,4,"0.53(0.39, 0.71)","0.53(0.37, 0.72)","4(3, 5)"
360800,吉安市,Jian,4,"0.52(0.38, 0.7)","0.52(0.37, 0.7)","4(3, 5)"
371700,菏泽市,Heze,4,"0.51(0.38, 0.69)","0.51(0.36, 0.7)","4(3, 5)"
331100,丽水市,Lishui,4,"0.55(0.41, 0.74)","0.55(0.39, 0.74)","4(3, 5)"
450600,防城港市,Fangchenggang,4,"0.55(0.41, 0.75)","0.55(0.39, 0.75)","4(3, 5)"
441700,阳江市,Yangjiang,4,"0.55(0.41, 0.75)","0.55(0.39, 0.75)","4(3, 5)"
321300,宿迁市,Suqian,4,"0.55(0.4, 0.74)","0.55(0.39, 0.74)","4(3, 5)"
511500,宜宾市,Yibin,4,"0.55(0.4, 0.73)","0.55(0.39, 0.74)","4(3, 5)"
429021,神农架林区,Shennongjia,4,"0.53(0.39, 0.71)","0.53(0.37, 0.72)","4(3, 5)"
341500,六安市,Liuan,3,"0.49(0.35, 0.65)","0.49(0.34, 0.66)","3(2, 5)"
460100,海口市,Haikou,3,"0.43(0.27, 0.64)","0.43(0.25, 0.64)","3(2, 4)"
130700,张家口市,Zhangjiakou,3,"0.47(0.31, 0.7)","0.47(0.29, 0.7)","3(2, 4)"
530600,昭通市,Zhaotong,3,"0.48(0.31, 0.71)","0.48(0.29, 0.71)","3(2, 4)"
410200,开封市,Kaifeng,3,"0.44(0.28, 0.65)","0.44(0.26, 0.66)","3(2, 4)"
340400,淮南市,Huainan,3,"0.46(0.3, 0.68)","0.46(0.28, 0.69)","3(2, 4)"
650100,乌鲁木齐市,Wulumuqi,3,"0.43(0.27, 0.64)","0.43(0.25, 0.64)","3(2, 4)"
511000,内江市,Neijiang,3,"0.48(0.31, 0.7)","0.48(0.29, 0.7)","3(2, 4)"
610700,汉中市,Hanzhong,3,"0.47(0.3, 0.69)","0.47(0.28, 0.69)","3(2, 4)"
230600,大庆市,Daqing,3,"0.48(0.31, 0.7)","0.48(0.29, 0.7)","3(2, 4)"
410600,鹤壁市,Hebi,3,"0.47(0.3, 0.69)","0.47(0.28, 0.69)","3(2, 4)"
210200,大连市,Dalian,3,"0.45(0.29, 0.66)","0.45(0.27, 0.67)","3(2, 4)"
510600,德阳市,Deyang,3,"0.47(0.31, 0.69)","0.47(0.29, 0.7)","3(2, 4)"
530400,玉溪市,Yuxi,3,"0.47(0.31, 0.7)","0.47(0.29, 0.7)","3(2, 4)"
532900,大理白族自治州,Dali,3,"0.47(0.3, 0.69)","0.47(0.28, 0.69)","3(2, 4)"
469006,万宁市,Wanning,3,"0.48(0.31, 0.71)","0.48(0.29, 0.71)","3(2, 4)"
330900,舟山市,Zhoushan,3,"0.48(0.31, 0.7)","0.48(0.29, 0.7)","3(2, 4)"
330500,湖州市,Huzhou,3,"0.47(0.3, 0.69)","0.47(0.28, 0.69)","3(2, 4)"
530500,保山市,Baoshan,3,"0.48(0.31, 0.7)","0.48(0.29, 0.71)","3(2, 4)"
445200,揭阳市,Jieyang,3,"0.48(0.31, 0.7)","0.48(0.29, 0.71)","3(2, 4)"
513300,甘孜藏族自治州,Ganzi,2,"0.38(0.18, 0.65)","0.38(0.15, 0.66)","2(1, 3)"
640300,吴忠市,Wuzhong,2,"0.37(0.17, 0.64)","0.37(0.15, 0.64)","2(1, 3)"
511900,巴中市,Bazhong,2,"0.36(0.17, 0.63)","0.36(0.14, 0.63)","2(1, 3)"
451200,河池市,Hechi,2,"0.37(0.17, 0.63)","0.37(0.14, 0.64)","2(1, 3)"
510500,泸州市,Luzhou,2,"0.37(0.17, 0.64)","0.37(0.14, 0.64)","2(1, 3)"
441200,肇庆市,Zhaoqing,2,"0.37(0.17, 0.64)","0.37(0.15, 0.65)","2(1, 3)"
654000,伊犁哈萨克自治州,Yili,2,"0.37(0.17, 0.64)","0.37(0.15, 0.64)","2(1, 3)"
460400,儋州市,Danzhou,2,"0.37(0.17, 0.65)","0.37(0.15, 0.65)","2(1, 3)"
441400,梅州市,Meizhou,2,"0.37(0.17, 0.64)","0.37(0.15, 0.65)","2(1, 3)"
530300,曲靖市,Qujing,2,"0.35(0.15, 0.61)","0.35(0.13, 0.61)","2(1, 3)"
441800,清远市,Qingyuan,2,"0.37(0.17, 0.64)","0.37(0.14, 0.64)","2(1, 3)"
140200,大同市,Datong,2,"0.36(0.16, 0.62)","0.36(0.13, 0.62)","2(1, 3)"
820000,澳门,Aomen,2,"0.35(0.16, 0.62)","0.35(0.13, 0.62)","2(1, 3)"
610200,铜川市,Tongchuan,2,"0.38(0.18, 0.65)","0.38(0.15, 0.66)","2(1, 3)"
433100,湘西土家族苗族自治州,Xiangxi,2,"0.35(0.15, 0.61)","0.35(0.13, 0.61)","2(1, 3)"
210600,丹东市,Dandong,2,"0.38(0.18, 0.65)","0.38(0.15, 0.65)","2(1, 3)"
411200,三门峡市,Sanmenxia,2,"0.36(0.16, 0.63)","0.36(0.14, 0.63)","2(1, 3)"
530700,丽江市,Lijiang,2,"0.36(0.16, 0.63)","0.36(0.14, 0.63)","2(1, 3)"
141100,吕梁市,Lvliang,2,"0.36(0.16, 0.63)","0.36(0.14, 0.63)","2(1, 3)"
360600,鹰潭市,Yingtan,1,"0.21(-0.04, 0.54)","0.21(-0.07, 0.54)","1(0, 2)"
610400,咸阳市,Xianyang,1,"0.19(-0.05, 0.52)","0.19(-0.08, 0.53)","1(0, 2)"
610500,渭南市,Weinan,1,"0.21(-0.04, 0.54)","0.21(-0.07, 0.54)","1(0, 2)"
610300,宝鸡市,Baoji,1,"0.21(-0.04, 0.54)","0.21(-0.07, 0.54)","1(0, 2)"
210700,锦州市,Jinzhou,1,"0.22(-0.03, 0.55)","0.22(-0.06, 0.56)","1(0, 2)"
211400,葫芦岛市,Huludao,1,"0.21(-0.04, 0.55)","0.21(-0.07, 0.56)","1(0, 2)"
510900,遂宁市,Suining,1,"0.21(-0.04, 0.54)","0.21(-0.07, 0.55)","1(0, 2)"
520200,六盘水市,Liupanshui,1,"0.2(-0.05, 0.53)","0.2(-0.08, 0.53)","1(0, 2)"
450900,玉林市,Yulin,1,"0.18(-0.06, 0.51)","0.18(-0.09, 0.51)","1(0, 2)"
131100,衡水市,Hengshui,1,"0.19(-0.05, 0.52)","0.19(-0.08, 0.52)","1(0, 2)"
532500,红河哈尼族彝族自治州,Honghe,1,"0.21(-0.04, 0.55)","0.21(-0.07, 0.55)","1(0, 2)"
469002,琼海市,Qionghai,1,"0.21(-0.04, 0.55)","0.21(-0.07, 0.56)","1(0, 2)"
211300,朝阳市,Chaoyang,1,"0.22(-0.03, 0.56)","0.22(-0.06, 0.56)","1(0, 2)"
341800,宣城市,Xuancheng,1,"0.2(-0.05, 0.53)","0.2(-0.08, 0.53)","1(0, 2)"
530800,普洱市,Puer,1,"0.22(-0.03, 0.56)","0.22(-0.06, 0.57)","1(0, 2)"
230200,齐齐哈尔市,Qiqihar,0,"-0.04(-0.37, 0.42)","-0.04(-0.41, 0.42)","0(-1, 1)"
370900,泰安市,Taian,0,"-0.07(-0.4, 0.37)","-0.07(-0.44, 0.37)","0(-1, 1)"
350700,南平市,Nanping,0,"-0.07(-0.4, 0.37)","-0.07(-0.44, 0.38)","0(-1, 1)"
140100,太原市,Taiyuan,0,"-0.15(-0.47, 0.26)","-0.15(-0.5, 0.27)","0(-2, 1)"
341700,池州市,Chizhou,0,"-0.07(-0.4, 0.37)","-0.07(-0.44, 0.38)","0(-1, 1)"
410900,濮阳市,Puyang,0,"-0.09(-0.42, 0.35)","-0.09(-0.45, 0.35)","0(-1, 1)"
522700,黔南布依族苗族自治州,Qiannan,0,"-0.08(-0.41, 0.35)","-0.08(-0.45, 0.36)","0(-1, 1)"
230900,七台河市,Qitaihe,0,"-0.03(-0.37, 0.42)","-0.03(-0.41, 0.43)","0(-1, 1)"
341100,滁州市,Chuzhou,0,"-0.08(-0.41, 0.35)","-0.08(-0.45, 0.36)","0(-1, 1)"
440900,茂名市,Maoming,0,"-0.05(-0.38, 0.4)","-0.05(-0.42, 0.41)","0(-1, 1)"
150200,包头市,Baotou,0,"-0.06(-0.39, 0.39)","-0.06(-0.43, 0.4)","0(-1, 1)"
211100,盘锦市,Panjin,0,"-0.04(-0.37, 0.42)","-0.04(-0.41, 0.42)","0(-1, 1)"
513400,凉山彝族自治州,Liangshan,0,"-0.05(-0.38, 0.4)","-0.05(-0.42, 0.4)","0(-1, 1)"
150600,鄂尔多斯市,Erdos,0,"-0.04(-0.38, 0.41)","-0.04(-0.42, 0.41)","0(-1, 1)"
140400,长治市,Changzhi,0,"-0.07(-0.4, 0.37)","-0.07(-0.44, 0.37)","0(-1, 1)"
610600,延安市,Yanan,0,"-0.04(-0.38, 0.41)","-0.04(-0.42, 0.42)","0(-1, 1)"
140600,朔州市,Shuozhou,0,"-0.06(-0.39, 0.39)","-0.06(-0.43, 0.39)","0(-1, 1)"
441500,汕尾市,Shanwei,0,"-0.04(-0.37, 0.42)","-0.04(-0.41, 0.42)","0(-1, 1)"
450400,梧州市,Wuzhou,0,"-0.06(-0.39, 0.38)","-0.06(-0.43, 0.39)","0(-1, 1)"
360200,景德镇市,Jingdezhen,0,"-0.09(-0.41, 0.35)","-0.09(-0.45, 0.36)","0(-1, 1)"
533100,德宏傣族景颇族自治州,Dehong,0,"-0.04(-0.37, 0.42)","-0.04(-0.41, 0.42)","0(-1, 1)"
621200,陇南市,Longnan,0,"-0.04(-0.38, 0.41)","-0.04(-0.42, 0.41)","0(-1, 1)"
210500,本溪市,Benxi,0,"-0.04(-0.37, 0.42)","-0.04(-0.41, 0.42)","0(-1, 1)"
230300,鸡西市,Jixi,-1,"-0.55(-1.06, 0.13)","-0.55(-1.12, 0.14)","-1(-2, 0)"
220100,长春市,Changchun,-1,"-0.64(-1.13, 0.01)","-0.64(-1.19, 0.02)","-1(-2, 0)"
410800,焦作市,Jiaozuo,-1,"-0.65(-1.14, -0.0)","-0.65(-1.19, 0.01)","-1(-2, 0)"
340600,淮北市,Huaibei,-1,"-0.59(-1.09, 0.07)","-0.59(-1.15, 0.08)","-1(-2, 0)"
620500,天水市,Tianshui,-1,"-0.62(-1.11, 0.04)","-0.62(-1.17, 0.04)","-1(-2, 0)"
321100,镇江市,Zhenjiang,-1,"-0.62(-1.11, 0.04)","-0.62(-1.17, 0.05)","-1(-2, 0)"
469023,澄迈县,Chengmai,-1,"-0.56(-1.06, 0.12)","-0.56(-1.12, 0.13)","-1(-2, 0)"
621100,定西市,Dingxi,-1,"-0.59(-1.08, 0.08)","-0.59(-1.14, 0.09)","-1(-2, 0)"
511400,眉山市,Meishan,-1,"-0.58(-1.08, 0.09)","-0.58(-1.14, 0.1)","-1(-2, 0)"
150800,巴彦淖尔市,Bayannur,-1,"-0.56(-1.06, 0.12)","-0.56(-1.12, 0.13)","-1(-2, 0)"
511800,雅安市,Yaan,-1,"-0.55(-1.06, 0.13)","-0.55(-1.12, 0.14)","-1(-2, 0)"
130800,承德市,Chengde,-1,"-0.57(-1.07, 0.1)","-0.57(-1.13, 0.11)","-1(-2, 0)"
150400,赤峰市,Chifeng,-1,"-0.59(-1.09, 0.07)","-0.59(-1.15, 0.08)","-1(-2, 0)"
611000,商洛市,Shangluo,-1,"-0.56(-1.07, 0.11)","-0.56(-1.13, 0.12)","-1(-2, 0)"
211200,铁岭市,Tieling,-1,"-0.56(-1.06, 0.13)","-0.56(-1.12, 0.13)","-1(-2, 0)"
150100,呼和浩特市,Huhehaote,-1,"-0.61(-1.1, 0.05)","-0.61(-1.16, 0.06)","-1(-2, 0)"
152500,锡林郭勒盟,Xilingol,-1,"-0.55(-1.06, 0.13)","-0.55(-1.12, 0.14)","-1(-2, 0)"
510800,广元市,Guangyuan,-1,"-0.57(-1.07, 0.1)","-0.57(-1.13, 0.11)","-1(-2, 0)"
220200,吉林市,Jilin,-1,"-0.58(-1.08, 0.09)","-0.58(-1.14, 0.1)","-1(-2, 0)"
222400,延边朝鲜族自治州,Yanbian,-1,"-0.56(-1.06, 0.12)","-0.56(-1.12, 0.13)","-1(-2, 0)"
640400,固原市,Guyuan,-1,"-0.57(-1.07, 0.1)","-0.57(-1.13, 0.11)","-1(-2, 0)"
150900,乌兰察布市,Ulanqab,-1,"-0.56(-1.06, 0.12)","-0.56(-1.12, 0.13)","-1(-2, 0)"
622900,临夏回族自治州,Linxia,-1,"-0.56(-1.06, 0.13)","-0.56(-1.12, 0.13)","-1(-2, 0)"
511100,乐山市,Leshan,-1,"-0.58(-1.08, 0.09)","-0.58(-1.14, 0.1)","-1(-2, 0)"
512000,资阳市,Ziyang,-1,"-0.56(-1.06, 0.12)","-0.56(-1.12, 0.13)","-1(-2, 0)"
232700,大兴安岭地区,Daxinganling,-1,"-0.55(-1.05, 0.14)","-0.55(-1.11, 0.14)","-1(-2, 0)"
620700,张掖市,Zhangye,-1,"-0.56(-1.07, 0.11)","-0.56(-1.13, 0.12)","-1(-2, 0)"
230500,双鸭山市,Shuangyashan,-2,"-2.12(-3.12, -0.76)","-2.12(-3.24, -0.74)","-2(-3, -1)"
520300,遵义市,Zunyi,-2,"-2.36(-3.34, -1.12)","-2.36(-3.44, -1.09)","-2(-3, -1)"
410300,洛阳市,Luoyang,-2,"-0.78(-1.25, -0.2)","-0.78(-1.31, -0.17)","-2(-3, 0)"
440700,江门市,Jiangmen,-2,"-2.17(-3.16, -0.83)","-2.17(-3.28, -0.81)","-2(-3, -1)"
220300,四平市,Siping,-2,"-2.11(-3.11, -0.74)","-2.11(-3.24, -0.72)","-2(-3, -1)"
510400,攀枝花市,Panzhihua,-2,"-2.12(-3.13, -0.76)","-2.12(-3.25, -0.75)","-2(-3, -1)"
231000,牡丹江市,Mudanjiang,-2,"-2.12(-3.12, -0.76)","-2.12(-3.24, -0.74)","-2(-3, -1)"
520600,铜仁市,Tongren,-2,"-2.29(-3.28, -1.01)","-2.29(-3.38, -0.97)","-2(-3, -1)"
522600,黔东南苗族侗族自治州,Qiandongnan,-2,"-2.28(-3.27, -1.0)","-2.28(-3.38, -0.97)","-2(-3, -1)"
440200,韶关市,Shaoguan,-2,"-2.17(-3.17, -0.84)","-2.17(-3.29, -0.82)","-2(-3, -1)"
620800,平凉市,Pingliang,-2,"-2.17(-3.16, -0.83)","-2.17(-3.28, -0.81)","-2(-3, -1)"
450700,钦州市,Qinzhou,-2,"-2.15(-3.15, -0.81)","-2.15(-3.27, -0.79)","-2(-3, -1)"
469026,昌江黎族自治县,Changjiang,-2,"-2.1(-3.11, -0.73)","-2.1(-3.23, -0.72)","-2(-3, -1)"
150500,通辽市,Tongliao,-2,"-2.14(-3.14, -0.79)","-2.14(-3.26, -0.77)","-2(-3, -1)"
350800,龙岩市,Longyan,-2,"-2.17(-3.16, -0.83)","-2.17(-3.28, -0.81)","-2(-3, -1)"
150700,呼伦贝尔市,Hulunbuir,-2,"-2.13(-3.13, -0.77)","-2.13(-3.25, -0.76)","-2(-3, -1)"
430800,张家界市,Zhangjiajie,-2,"-2.24(-3.22, -0.92)","-2.24(-3.34, -0.91)","-2(-3, -1)"
230400,鹤岗市,Hegang,-2,"-2.11(-3.11, -0.74)","-2.11(-3.24, -0.73)","-2(-3, -1)"
522300,黔西南布依族苗族自治州,Qianxinan,-2,"-2.2(-3.19, -0.88)","-2.2(-3.31, -0.86)","-2(-3, -1)"
140300,阳泉市,Yangquan,-2,"-2.15(-3.15, -0.8)","-2.15(-3.27, -0.78)","-2(-3, -1)"
451100,贺州市,Hezhou,-2,"-2.17(-3.17, -0.84)","-2.17(-3.29, -0.82)","-2(-3, -1)"
659001,石河子市,Shihezi,-2,"-2.12(-3.12, -0.76)","-2.12(-3.24, -0.74)","-2(-3, -1)"
451000,百色市,Baise,-2,"-2.14(-3.14, -0.79)","-2.14(-3.26, -0.77)","-2(-3, -1)"
640500,中卫市,Zhongwei,-2,"-2.13(-3.13, -0.77)","-2.13(-3.25, -0.75)","-2(-3, -1)"
211000,辽阳市,Liaoyang,-2,"-2.1(-3.11, -0.74)","-2.1(-3.23, -0.72)","-2(-3, -1)"
220500,通化市,Tonghua,-2,"-2.12(-3.13, -0.77)","-2.12(-3.25, -0.75)","-2(-3, -1)"
441600,河源市,Heyuan,-2,"-2.13(-3.13, -0.77)","-2.13(-3.25, -0.76)","-2(-3, -1)"
469007,东方市,Dongfang,-2,"-2.11(-3.12, -0.75)","-2.11(-3.24, -0.73)","-2(-3, -1)"
610800,榆林市,Yulin,-2,"-2.11(-3.12, -0.75)","-2.11(-3.24, -0.73)","-2(-3, -1)"
469021,定安县,Dingan,-2,"-2.1(-3.11, -0.74)","-2.1(-3.23, -0.72)","-2(-3, -1)"
141000,临汾市,Linfen,-2,"-2.23(-3.21, -0.91)","-2.23(-3.33, -0.9)","-2(-3, -1)"
650400,吐鲁番市,Tulufan,-2,"-2.11(-3.12, -0.75)","-2.11(-3.24, -0.74)","-2(-3, -1)"
220700,松原市,Songyuan,-2,"-2.12(-3.13, -0.77)","-2.12(-3.25, -0.75)","-2(-3, -1)"
469030,琼中黎族苗族自治县,Qiongzhong,-2,"-2.1(-3.11, -0.73)","-2.1(-3.23, -0.71)","-2(-3, -1)"
620300,金昌市,Jinchang,-2,"-2.12(-3.12, -0.76)","-2.12(-3.24, -0.74)","-2(-3, -1)"
652900,阿克苏地区,Aksu,-2,"-2.13(-3.13, -0.78)","-2.13(-3.25, -0.76)","-2(-3, -1)"
210800,营口市,Yingkou,-2,"-2.1(-3.11, -0.74)","-2.1(-3.23, -0.72)","-2(-3, -1)"
540100,拉萨市,Lasa,-2,"-2.15(-3.15, -0.81)","-2.15(-3.27, -0.79)","-2(-3, -1)"
513200,阿坝藏族羌族自治州,Aba,-2,"-2.1(-3.11, -0.73)","-2.1(-3.23, -0.72)","-2(-3, -1)"
520500,毕节市,Bijie,-3,"-2.58(-3.53, -1.43)","-2.58(-3.64, -1.38)","-3(-4, -1)"